user|song
carolain|Set me free pt. 2
carolain|Rose Colored Lenses
carolain|About you
carolain|Lo que siento
carolain|Afterglow
carolain|PRC
carolain|Love Maze
carolain|Its nice to have a friend
carolain|AMOR DE CINE
carolain|Dakiti
carolain|Kyoto
carolain|Maniac
carolain|deja vu
carolain|21
carolain|Runaway
carolain|Save Your Tears
carolain|Lovesick Girls
carolain|Soñé
carolain|Are You Bored Yet?
carolain|TUS BESOX
yochi|Set me free pt. 2
yochi|Rose Colored Lenses
yochi|About you
yochi|Lo que siento
yochi|Afterglow
yochi|PRC
yochi|Love Maze
yochi|Its nice to have a friend
yochi|AMOR DE CINE
yochi|Dakiti
yochi|Kyoto
yochi|Maniac
yochi|deja vu
yochi|21
yochi|Runaway
yochi|Save Your Tears
yochi|Lovesick Girls
yochi|Soñé
yochi|Are You Bored Yet?
yochi|TUS BESOX
stephanie|Set me free pt. 2
stephanie|Rose Colored Lenses
stephanie|About you
stephanie|Lo que siento
stephanie|Afterglow
stephanie|PRC
stephanie|Love Maze
stephanie|Its nice to have a friend
stephanie|AMOR DE CINE
stephanie|Dakiti
stephanie|Kyoto
stephanie|Maniac
stephanie|deja vu
stephanie|21
stephanie|Runaway
stephanie|Save Your Tears
stephanie|Lovesick Girls
stephanie|Soñé
stephanie|Are You Bored Yet?
stephanie|TUS BESOX
pau arellano|Set me free pt. 2
pau arellano|Rose Colored Lenses
pau arellano|About you
pau arellano|Lo que siento
pau arellano|Afterglow
pau arellano|PRC
pau arellano|Love Maze
pau arellano|Its nice to have a friend
pau arellano|AMOR DE CINE
pau arellano|Dakiti
pau arellano|Kyoto
pau arellano|Maniac
pau arellano|deja vu
pau arellano|21
pau arellano|Runaway
pau arellano|Save Your Tears
pau arellano|Lovesick Girls
pau arellano|Soñé
pau arellano|Are You Bored Yet?
pau arellano|TUS BESOX
ABDLGbubu03|Set me free pt. 2
ABDLGbubu03|Rose Colored Lenses
ABDLGbubu03|About you
ABDLGbubu03|Lo que siento
ABDLGbubu03|Afterglow
ABDLGbubu03|PRC
ABDLGbubu03|Love Maze
ABDLGbubu03|Its nice to have a friend
ABDLGbubu03|AMOR DE CINE
ABDLGbubu03|Dakiti
ABDLGbubu03|Kyoto
ABDLGbubu03|Maniac
ABDLGbubu03|deja vu
ABDLGbubu03|21
ABDLGbubu03|Runaway
ABDLGbubu03|Save Your Tears
ABDLGbubu03|Lovesick Girls
ABDLGbubu03|Soñé
ABDLGbubu03|Are You Bored Yet?
ABDLGbubu03|TUS BESOX
Sam Quintero|Set me free pt. 2
Sam Quintero|Rose Colored Lenses
Sam Quintero|About you
Sam Quintero|Lo que siento
Sam Quintero|Afterglow
Sam Quintero|PRC
Sam Quintero|Love Maze
Sam Quintero|Its nice to have a friend
Sam Quintero|AMOR DE CINE
Sam Quintero|Dakiti
Sam Quintero|Kyoto
Sam Quintero|Maniac
Sam Quintero|deja vu
Sam Quintero|21
Sam Quintero|Runaway
Sam Quintero|Save Your Tears
Sam Quintero|Lovesick Girls
Sam Quintero|Soñé
Sam Quintero|Are You Bored Yet?
Sam Quintero|TUS BESOX
ale|Set me free pt. 2
ale|Rose Colored Lenses
ale|About you
ale|Lo que siento
ale|Afterglow
ale|PRC
ale|Love Maze
ale|Its nice to have a friend
ale|AMOR DE CINE
ale|Dakiti
ale|Kyoto
ale|Maniac
ale|deja vu
ale|21
ale|Runaway
ale|Save Your Tears
ale|Lovesick Girls
ale|Soñé
ale|Are You Bored Yet?
ale|TUS BESOX
trumanblack|Set me free pt. 2
trumanblack|Rose Colored Lenses
trumanblack|About you
trumanblack|Lo que siento
trumanblack|Afterglow
trumanblack|PRC
trumanblack|Love Maze
trumanblack|Its nice to have a friend
trumanblack|AMOR DE CINE
trumanblack|Dakiti
trumanblack|Kyoto
trumanblack|Maniac
trumanblack|deja vu
trumanblack|21
trumanblack|Runaway
trumanblack|Save Your Tears
trumanblack|Lovesick Girls
trumanblack|Soñé
trumanblack|Are You Bored Yet?
trumanblack|TUS BESOX
emiliomtz|Set me free pt. 2
emiliomtz|Rose Colored Lenses
emiliomtz|About you
emiliomtz|Lo que siento
emiliomtz|Afterglow
emiliomtz|PRC
emiliomtz|Love Maze
emiliomtz|Its nice to have a friend
emiliomtz|AMOR DE CINE
emiliomtz|Dakiti
emiliomtz|Kyoto
emiliomtz|Maniac
emiliomtz|deja vu
emiliomtz|21
emiliomtz|Runaway
emiliomtz|Save Your Tears
emiliomtz|Lovesick Girls
emiliomtz|Soñé
emiliomtz|Are You Bored Yet?
emiliomtz|TUS BESOX
Marlen|Set me free pt. 2
Marlen|Rose Colored Lenses
Marlen|About you
Marlen|Lo que siento
Marlen|Afterglow
Marlen|PRC
Marlen|Love Maze
Marlen|Its nice to have a friend
Marlen|AMOR DE CINE
Marlen|Dakiti
Marlen|Kyoto
Marlen|Maniac
Marlen|deja vu
Marlen|21
Marlen|Runaway
Marlen|Save Your Tears
Marlen|Lovesick Girls
Marlen|Soñé
Marlen|Are You Bored Yet?
Marlen|TUS BESOX
maxito.jpg|Set me free pt. 2
maxito.jpg|Rose Colored Lenses
maxito.jpg|About you
maxito.jpg|Lo que siento
maxito.jpg|Afterglow
maxito.jpg|PRC
maxito.jpg|Love Maze
maxito.jpg|Its nice to have a friend
maxito.jpg|AMOR DE CINE
maxito.jpg|Dakiti
maxito.jpg|Kyoto
maxito.jpg|Maniac
maxito.jpg|deja vu
maxito.jpg|21
maxito.jpg|Runaway
maxito.jpg|Save Your Tears
maxito.jpg|Lovesick Girls
maxito.jpg|Soñé
maxito.jpg|Are You Bored Yet?
maxito.jpg|TUS BESOX
mirandarellano|Set me free pt. 2
mirandarellano|Rose Colored Lenses
mirandarellano|About you
mirandarellano|Lo que siento
mirandarellano|Afterglow
mirandarellano|PRC
mirandarellano|Love Maze
mirandarellano|Its nice to have a friend
mirandarellano|AMOR DE CINE
mirandarellano|Dakiti
mirandarellano|Kyoto
mirandarellano|Maniac
mirandarellano|deja vu
mirandarellano|21
mirandarellano|Runaway
mirandarellano|Save Your Tears
mirandarellano|Lovesick Girls
mirandarellano|Soñé
mirandarellano|Are You Bored Yet?
mirandarellano|TUS BESOX
dariongo|Set me free pt. 2
dariongo|Rose Colored Lenses
dariongo|About you
dariongo|Lo que siento
dariongo|Afterglow
dariongo|PRC
dariongo|Love Maze
dariongo|Its nice to have a friend
dariongo|AMOR DE CINE
dariongo|Dakiti
dariongo|Kyoto
dariongo|Maniac
dariongo|deja vu
dariongo|21
dariongo|Runaway
dariongo|Save Your Tears
dariongo|Lovesick Girls
dariongo|Soñé
dariongo|Are You Bored Yet?
dariongo|TUS BESOX
edgarz|Set me free pt. 2
edgarz|Rose Colored Lenses
edgarz|About you
edgarz|Lo que siento
edgarz|Afterglow
edgarz|PRC
edgarz|Love Maze
edgarz|Its nice to have a friend
edgarz|AMOR DE CINE
edgarz|Dakiti
edgarz|Kyoto
edgarz|Maniac
edgarz|deja vu
edgarz|21
edgarz|Runaway
edgarz|Save Your Tears
edgarz|Lovesick Girls
edgarz|Soñé
edgarz|Are You Bored Yet?
edgarz|TUS BESOX
camijmz|Set me free pt. 2
camijmz|Rose Colored Lenses
camijmz|About you
camijmz|Lo que siento
camijmz|Afterglow
camijmz|PRC
camijmz|Love Maze
camijmz|Its nice to have a friend
camijmz|AMOR DE CINE
camijmz|Dakiti
camijmz|Kyoto
camijmz|Maniac
camijmz|deja vu
camijmz|21
camijmz|Runaway
camijmz|Save Your Tears
camijmz|Lovesick Girls
camijmz|Soñé
camijmz|Are You Bored Yet?
camijmz|TUS BESOX
mariianaa|Set me free pt. 2
mariianaa|Rose Colored Lenses
mariianaa|About you
mariianaa|Lo que siento
mariianaa|Afterglow
mariianaa|PRC
mariianaa|Love Maze
mariianaa|Its nice to have a friend
mariianaa|AMOR DE CINE
mariianaa|Dakiti
mariianaa|Kyoto
mariianaa|Maniac
mariianaa|deja vu
mariianaa|21
mariianaa|Runaway
mariianaa|Save Your Tears
mariianaa|Lovesick Girls
mariianaa|Soñé
mariianaa|Are You Bored Yet?
mariianaa|TUS BESOX
alisogg|Set me free pt. 2
alisogg|Rose Colored Lenses
alisogg|About you
alisogg|Lo que siento
alisogg|Afterglow
alisogg|PRC
alisogg|Love Maze
marco|Set me free pt. 2
marco|Rose Colored Lenses
marco|About you
marco|Lo que siento
marco|Afterglow
marco|PRC
marco|Love Maze
marco|Its nice to have a friend
marco|AMOR DE CINE
marco|Dakiti
marco|Kyoto
marco|Maniac
marco|deja vu
marco|21
marco|Runaway
marco|Save Your Tears
marco|Lovesick Girls
marco|Soñé
marco|Are You Bored Yet?
marco|TUS BESOX
mochi|Set me free pt. 2
mochi|Rose Colored Lenses
mochi|About you
mochi|Lo que siento
mochi|Afterglow
mochi|PRC
mochi|Love Maze
mochi|Its nice to have a friend
mochi|AMOR DE CINE
mochi|Dakiti
mochi|Kyoto
mochi|Maniac
mochi|deja vu
mochi|21
mochi|Runaway
mochi|Save Your Tears
mochi|Lovesick Girls
mochi|Soñé
mochi|Are You Bored Yet?
mochi|TUS BESOX
susann|Set me free pt. 2
susann|Rose Colored Lenses
susann|About you
susann|Lo que siento
susann|Afterglow
susann|PRC
susann|Love Maze
susann|Its nice to have a friend
susann|AMOR DE CINE
susann|Dakiti
susann|Kyoto
susann|Maniac
susann|deja vu
susann|21
susann|Runaway
susann|Save Your Tears
susann|Lovesick Girls
susann|Soñé
susann|Are You Bored Yet?
susann|TUS BESOX