user|artist
carolain|The 1975
carolain|Jimin
carolain|Humbe
carolain|Taylor Swift
carolain|Junior H
carolain|THE DRIVER ERA
carolain|Peso Pluma
carolain|Cuco
carolain|BTS
carolain|Miley Cyrus
carolain|Bad Bunny
carolain|Phoebe Bridgers
carolain|Conan Gray
carolain|Olivia Rodrigo
carolain|Gracie Abrams
carolain|AURORA
carolain|The Weeknd
carolain|BLACKPINK
carolain|Zoe
carolain|Wallows
yochi|The 1975
yochi|Jimin
yochi|Humbe
yochi|Taylor Swift
yochi|Junior H
yochi|THE DRIVER ERA
yochi|Peso Pluma
yochi|Cuco
yochi|BTS
yochi|Miley Cyrus
yochi|Bad Bunny
yochi|Phoebe Bridgers
yochi|Conan Gray
yochi|Olivia Rodrigo
yochi|Gracie Abrams
yochi|AURORA
yochi|The Weeknd
yochi|BLACKPINK
yochi|Zoe
yochi|Wallows
stephanie|The 1975
stephanie|Jimin
stephanie|Humbe
stephanie|Taylor Swift
stephanie|Junior H
stephanie|THE DRIVER ERA
stephanie|Peso Pluma
stephanie|Cuco
stephanie|BTS
stephanie|Miley Cyrus
stephanie|Bad Bunny
stephanie|Phoebe Bridgers
stephanie|Conan Gray
stephanie|Olivia Rodrigo
stephanie|Gracie Abrams
stephanie|AURORA
stephanie|The Weeknd
stephanie|BLACKPINK
stephanie|Zoe
stephanie|Wallows
pau arellano|The 1975
pau arellano|Jimin
pau arellano|Humbe
pau arellano|Taylor Swift
pau arellano|Junior H
pau arellano|THE DRIVER ERA
pau arellano|Peso Pluma
pau arellano|Cuco
pau arellano|BTS
pau arellano|Miley Cyrus
pau arellano|Bad Bunny
pau arellano|Phoebe Bridgers
pau arellano|Conan Gray
pau arellano|Olivia Rodrigo
pau arellano|Gracie Abrams
pau arellano|AURORA
pau arellano|The Weeknd
pau arellano|BLACKPINK
pau arellano|Zoe
pau arellano|Wallows
ABDLGbubu03|The 1975
ABDLGbubu03|Jimin
ABDLGbubu03|Humbe
ABDLGbubu03|Taylor Swift
ABDLGbubu03|Junior H
ABDLGbubu03|THE DRIVER ERA
ABDLGbubu03|Peso Pluma
ABDLGbubu03|Cuco
ABDLGbubu03|BTS
ABDLGbubu03|Miley Cyrus
Sam Quintero|The 1975
Sam Quintero|Jimin
Sam Quintero|Humbe
Sam Quintero|Taylor Swift
Sam Quintero|Junior H
Sam Quintero|THE DRIVER ERA
Sam Quintero|Peso Pluma
Sam Quintero|Cuco
Sam Quintero|BTS
Sam Quintero|Miley Cyrus
Sam Quintero|Bad Bunny
Sam Quintero|Phoebe Bridgers
Sam Quintero|Conan Gray
Sam Quintero|Olivia Rodrigo
Sam Quintero|Gracie Abrams
Sam Quintero|AURORA
Sam Quintero|The Weeknd
Sam Quintero|BLACKPINK
Sam Quintero|Zoe
Sam Quintero|Wallows
ale|The 1975
ale|Jimin
ale|Humbe
ale|Taylor Swift
ale|Junior H
ale|THE DRIVER ERA
ale|Peso Pluma
ale|Cuco
ale|BTS
ale|Miley Cyrus
ale|Bad Bunny
ale|Phoebe Bridgers
ale|Conan Gray
ale|Olivia Rodrigo
ale|Gracie Abrams
ale|AURORA
ale|The Weeknd
ale|BLACKPINK
ale|Zoe
ale|Wallows
trumanblack|The 1975
trumanblack|Jimin
trumanblack|Humbe
trumanblack|Taylor Swift
trumanblack|Junior H
trumanblack|THE DRIVER ERA
trumanblack|Peso Pluma
trumanblack|Cuco
trumanblack|BTS
trumanblack|Miley Cyrus
trumanblack|Bad Bunny
trumanblack|Phoebe Bridgers
trumanblack|Conan Gray
trumanblack|Olivia Rodrigo
trumanblack|Gracie Abrams
trumanblack|AURORA
trumanblack|The Weeknd
trumanblack|BLACKPINK
trumanblack|Zoe
trumanblack|Wallows
emiliomtz|The 1975
emiliomtz|Jimin
emiliomtz|Humbe
emiliomtz|Taylor Swift
emiliomtz|Junior H
emiliomtz|THE DRIVER ERA
emiliomtz|Peso Pluma
emiliomtz|Cuco
emiliomtz|BTS
emiliomtz|Miley Cyrus
emiliomtz|Bad Bunny
emiliomtz|Phoebe Bridgers
emiliomtz|Conan Gray
emiliomtz|Olivia Rodrigo
emiliomtz|Gracie Abrams
emiliomtz|AURORA
emiliomtz|The Weeknd
emiliomtz|BLACKPINK
emiliomtz|Zoe
emiliomtz|Wallows
Marlen|The 1975
Marlen|Jimin
Marlen|Humbe
Marlen|Taylor Swift
Marlen|Junior H
Marlen|THE DRIVER ERA
Marlen|Peso Pluma
maxito.jpg|The 1975
maxito.jpg|Jimin
maxito.jpg|Humbe
maxito.jpg|Taylor Swift
maxito.jpg|Junior H
maxito.jpg|THE DRIVER ERA
maxito.jpg|Peso Pluma
maxito.jpg|Cuco
maxito.jpg|BTS
maxito.jpg|Miley Cyrus
maxito.jpg|Bad Bunny
maxito.jpg|Phoebe Bridgers
maxito.jpg|Conan Gray
maxito.jpg|Olivia Rodrigo
maxito.jpg|Gracie Abrams
maxito.jpg|AURORA
maxito.jpg|The Weeknd
maxito.jpg|BLACKPINK
maxito.jpg|Zoe
maxito.jpg|Wallows
mirandarellano|The 1975
mirandarellano|Jimin
mirandarellano|Humbe
mirandarellano|Taylor Swift
mirandarellano|Junior H
mirandarellano|THE DRIVER ERA
mirandarellano|Peso Pluma
mirandarellano|Cuco
mirandarellano|BTS
mirandarellano|Miley Cyrus
mirandarellano|Bad Bunny
mirandarellano|Phoebe Bridgers
mirandarellano|Conan Gray
mirandarellano|Olivia Rodrigo
mirandarellano|Gracie Abrams
mirandarellano|AURORA
mirandarellano|The Weeknd
mirandarellano|BLACKPINK
mirandarellano|Zoe
mirandarellano|Wallows
dariongo|The 1975
dariongo|Jimin
dariongo|Humbe
dariongo|Taylor Swift
dariongo|Junior H
dariongo|THE DRIVER ERA
dariongo|Peso Pluma
dariongo|Cuco
dariongo|BTS
dariongo|Miley Cyrus
dariongo|Bad Bunny
dariongo|Phoebe Bridgers
dariongo|Conan Gray
dariongo|Olivia Rodrigo
dariongo|Gracie Abrams
dariongo|AURORA
dariongo|The Weeknd
dariongo|BLACKPINK
dariongo|Zoe
dariongo|Wallows
edgarz|The 1975
edgarz|Jimin
edgarz|Humbe
edgarz|Taylor Swift
edgarz|Junior H
edgarz|THE DRIVER ERA
edgarz|Peso Pluma
edgarz|Cuco
edgarz|BTS
edgarz|Miley Cyrus
edgarz|Bad Bunny
edgarz|Phoebe Bridgers
edgarz|Conan Gray
edgarz|Olivia Rodrigo
edgarz|Gracie Abrams
edgarz|AURORA
edgarz|The Weeknd
edgarz|BLACKPINK
edgarz|Zoe
edgarz|Wallows
camijmz|The 1975
camijmz|Jimin
camijmz|Humbe
camijmz|Taylor Swift
camijmz|Junior H
camijmz|THE DRIVER ERA
camijmz|Peso Pluma
camijmz|Cuco
camijmz|BTS
camijmz|Miley Cyrus
camijmz|Bad Bunny
camijmz|Phoebe Bridgers
mariianaa|The 1975
mariianaa|Jimin
mariianaa|Humbe
mariianaa|Taylor Swift
mariianaa|Junior H
mariianaa|THE DRIVER ERA
mariianaa|Peso Pluma
mariianaa|Cuco
mariianaa|BTS
mariianaa|Miley Cyrus
mariianaa|Bad Bunny
mariianaa|Phoebe Bridgers
mariianaa|Conan Gray
mariianaa|Olivia Rodrigo
mariianaa|Gracie Abrams
mariianaa|AURORA
mariianaa|The Weeknd
mariianaa|BLACKPINK
mariianaa|Zoe
mariianaa|Wallows
alisogg|The 1975
alisogg|Jimin
alisogg|Humbe
alisogg|Taylor Swift
alisogg|Junior H
alisogg|THE DRIVER ERA
alisogg|Peso Pluma
alisogg|Cuco
alisogg|BTS
alisogg|Miley Cyrus
alisogg|Bad Bunny
alisogg|Phoebe Bridgers
alisogg|Conan Gray
alisogg|Olivia Rodrigo
alisogg|Gracie Abrams
alisogg|AURORA
alisogg|The Weeknd
alisogg|BLACKPINK
alisogg|Zoe
alisogg|Wallows
marco|The 1975
marco|Jimin
marco|Humbe
marco|Taylor Swift
marco|Junior H
marco|THE DRIVER ERA
marco|Peso Pluma
marco|Cuco
marco|BTS
marco|Miley Cyrus
marco|Bad Bunny
marco|Phoebe Bridgers
marco|Conan Gray
marco|Olivia Rodrigo
marco|Gracie Abrams
marco|AURORA
marco|The Weeknd
marco|BLACKPINK
marco|Zoe
marco|Wallows
mochi|The 1975
mochi|Jimin
mochi|Humbe
mochi|Taylor Swift
mochi|Junior H
mochi|THE DRIVER ERA
mochi|Peso Pluma
mochi|Cuco
mochi|BTS
mochi|Miley Cyrus
mochi|Bad Bunny
mochi|Phoebe Bridgers
mochi|Conan Gray
mochi|Olivia Rodrigo
mochi|Gracie Abrams
mochi|AURORA
mochi|The Weeknd
mochi|BLACKPINK
mochi|Zoe
mochi|Wallows
susann|The 1975
susann|Jimin
susann|Humbe
susann|Taylor Swift
susann|Junior H
susann|THE DRIVER ERA
susann|Peso Pluma
susann|Cuco
susann|BTS
susann|Miley Cyrus
susann|Bad Bunny
susann|Phoebe Bridgers
susann|Conan Gray
susann|Olivia Rodrigo
susann|Gracie Abrams
susann|AURORA
susann|The Weeknd
susann|BLACKPINK
susann|Zoe
susann|Wallows
