user|follows
carolain|yochi
carolain|stephanie
carolain|pau arellano
carolain|ABDLGbubu03
carolain|Sam Quintero
carolain|ale
carolain|trumanblack
carolain|emiliomtz
carolain|Marlen
carolain|maxito.jpg
carolain|mirandarellano
carolain|dariongo
carolain|edgarz
carolain|camijmz
carolain|mariianaa
carolain|alisogg
carolain|marco
carolain|mochi
carolain|susann
yochi|carolain
yochi|ABDLGbubu03
yochi|Sam Quintero
yochi|trumanblack
yochi|maxito.jpg
yochi|dariongo
yochi|edgarz
yochi|camijmz
yochi|alisogg
stephanie|carolain
stephanie|ABDLGbubu03
stephanie|Sam Quintero
stephanie|ale
pau arellano|carolain
pau arellano|Sam Quintero
pau arellano|ale
pau arellano|trumanblack
pau arellano|emiliomtz
pau arellano|Marlen
pau arellano|maxito.jpg
pau arellano|mirandarellano
pau arellano|dariongo
pau arellano|edgarz
pau arellano|camijmz
pau arellano|mariianaa
pau arellano|alisogg
pau arellano|marco
pau arellano|mochi
pau arellano|susann
ABDLGbubu03|Sam Quintero
ABDLGbubu03|carolain
ABDLGbubu03|trumanblack
ABDLGbubu03|emiliomtz
ABDLGbubu03|Marlen
ABDLGbubu03|maxito.jpg
ABDLGbubu03|mirandarellano
susann|carolain
susann|yochi
susann|stephanie
susann|pau arellano
susann|ABDLGbubu03
susann|Sam Quintero
susann|ale
susann|trumanblack
susann|emiliomtz
susann|Marlen
susann|maxito.jpg
susann|mirandarellano
susann|dariongo
susann|edgarz
susann|camijmz
susann|mariianaa
susann|alisogg
susann|marco
susann|mochi
trumanblack|emiliomtz
trumanblack|Marlen
trumanblack|maxito.jpg
trumanblack|carolain
trumanblack|dariongo
emiliomtz|carolain
emiliomtz|maxito.jpg
emiliomtz|mirandarellano
emiliomtz|dariongo
emiliomtz|edgarz
emiliomtz|camijmz
emiliomtz|mariianaa
emiliomtz|alisogg
Marlen|maxito.jpg
Marlen|mirandarellano
Marlen|dariongo
Marlen|carolain
Marlen|camijmz
maxito.jpg|mirandarellano
maxito.jpg|dariongo
maxito.jpg|edgarz
maxito.jpg|camijmz
maxito.jpg|mariianaa
maxito.jpg|alisogg
maxito.jpg|marco
maxito.jpg|mochi
maxito.jpg|carolain
mirandarellano|dariongo
mirandarellano|edgarz
mirandarellano|camijmz
mirandarellano|carolain
mirandarellano|alisogg
mirandarellano|marco
mirandarellano|mochi
mirandarellano|susann
dariongo|edgarz
dariongo|camijmz
dariongo|mariianaa
dariongo|carolain
dariongo|marco
dariongo|mochi
dariongo|susann
edgarz|camijmz
edgarz|mariianaa
edgarz|alisogg
edgarz|marco
edgarz|mochi
edgarz|carolain
camijmz|mariianaa
camijmz|alisogg
camijmz|carolain
camijmz|mochi
camijmz|susann
mariianaa|alisogg
mariianaa|marco
mariianaa|mochi
mariianaa|carolain
alisogg|marco
alisogg|mochi
alisogg|carolain
alisogg|susann
marco|edgarz
marco|carolain
mochi|susann
mochi|carolain
ale|camijmz
ale|alisogg
ale|carolain
ale|ABDLGbubu03
ale|Sam Quintero
Sam Quintero|dariongo
Sam Quintero|edgarz
Sam Quintero|camijmz
Sam Quintero|carolain
Sam Quintero|alisogg